tweet_id,date,user,favorite_count,retweet_count,text
1256186869794123776,2020-05-01 11:41:03,justicelibertes,0,20,Today @CreditSuisseâ€™s holds its online Annual General Meeting. The bank is the number 4 #FossilBank in Europe  with $74 billion in the fossil fuel industry since #Paris. #BankingonClimateChange #FossilBanksNoThanks https://t.co/pYxRBQciHQ
1255945668327288833,2020-04-30 19:42:36,levinche,0,20,Today @CreditSuisseâ€™s holds its online Annual General Meeting. The bank is the number 4 #FossilBank in Europe  with $74 billion in the fossil fuel industry since #Paris. #BankingonClimateChange #FossilBanksNoThanks https://t.co/pYxRBQciHQ
1255919900767531008,2020-04-30 18:00:12,UeliKr,0,20,Today @CreditSuisseâ€™s holds its online Annual General Meeting. The bank is the number 4 #FossilBank in Europe  with $74 billion in the fossil fuel industry since #Paris. #BankingonClimateChange #FossilBanksNoThanks https://t.co/pYxRBQciHQ
1255902760064684036,2020-04-30 16:52:06,XrZug,0,20,Today @CreditSuisseâ€™s holds its online Annual General Meeting. The bank is the number 4 #FossilBank in Europe  with $74 billion in the fossil fuel industry since #Paris. #BankingonClimateChange #FossilBanksNoThanks https://t.co/pYxRBQciHQ
1255893075676868608,2020-04-30 16:13:37,9Kaufmann,0,20,Today @CreditSuisseâ€™s holds its online Annual General Meeting. The bank is the number 4 #FossilBank in Europe  with $74 billion in the fossil fuel industry since #Paris. #BankingonClimateChange #FossilBanksNoThanks https://t.co/pYxRBQciHQ
1255891366162333697,2020-04-30 16:06:49,RogerWakeUpNow,0,20,Today @CreditSuisseâ€™s holds its online Annual General Meeting. The bank is the number 4 #FossilBank in Europe  with $74 billion in the fossil fuel industry since #Paris. #BankingonClimateChange #FossilBanksNoThanks https://t.co/pYxRBQciHQ
1255889570664722434,2020-04-30 15:59:41,jacomellgmailco,0,1,Most of its support went to the fracking industry  making @CreditSuisse one of the top 10 bankers in this sector. With no strong policies in place  shareholders should today urge the bank to come up with a plan to phase out finance for fracking! #BankingonClimateChange https://t.co/J7KkPegBDH
1255888478824513537,2020-04-30 15:55:21,jacomellgmailco,0,20,Today @CreditSuisseâ€™s holds its online Annual General Meeting. The bank is the number 4 #FossilBank in Europe  with $74 billion in the fossil fuel industry since #Paris. #BankingonClimateChange #FossilBanksNoThanks https://t.co/pYxRBQciHQ
1255871984803733504,2020-04-30 14:49:48,AndreaDoremus,0,3,First #Exxon  then #Chase --&gt; #ClimateDenial #ExxonKnew:Tell asset managers like BlackRock it's time to #StoptheMoneyPipeline &amp; #DumpLeeRaymond: :#BankingonClimateChange @350Mass https://t.co/mA2FQKf775
1255864763072032770,2020-04-30 14:21:07,Fund_Our_Future,0,20,Today @CreditSuisseâ€™s holds its online Annual General Meeting. The bank is the number 4 #FossilBank in Europe  with $74 billion in the fossil fuel industry since #Paris. #BankingonClimateChange #FossilBanksNoThanks https://t.co/pYxRBQciHQ
1255848414857830403,2020-04-30 13:16:09,FBXClimate,0,9,The latest #BankingonClimateChange report is in. 35 banks have funneled $2.7 trillion into fossil fuels since the Paris Agreement. All major global banks fail to seriously address the damage theyâ€™re doing to the climate. See how your bank stacks up at https://t.co/DP79dqJXMI. https://t.co/m5mw8Sk3RC
1255847978763517952,2020-04-30 13:14:25,bmcushing,0,1,@GoldmanSachs scored highest among US banks on policies for ending fossil fuel expansion and phasing out overall fossil fuel financing. However with 21.5 points out of 200 it still has a long way to go in aligning with the #ParisAgreement. #BankingOnClimateChange https://t.co/8hn2O8YGYg
1255844984349130752,2020-04-30 13:02:31,NoFossilBanks,1,1,@GoldmanSachs scored highest among US banks on policies for ending fossil fuel expansion and phasing out overall fossil fuel financing. However with 21.5 points out of 200 it still has a long way to go in aligning with the #ParisAgreement. #BankingOnClimateChange https://t.co/8hn2O8YGYg
1255789531946721282,2020-04-30 09:22:10,ChangeFinance_,0,20,Today @CreditSuisseâ€™s holds its online Annual General Meeting. The bank is the number 4 #FossilBank in Europe  with $74 billion in the fossil fuel industry since #Paris. #BankingonClimateChange #FossilBanksNoThanks https://t.co/pYxRBQciHQ
1255783519428792325,2020-04-30 08:58:17,June4th,0,20,Today @CreditSuisseâ€™s holds its online Annual General Meeting. The bank is the number 4 #FossilBank in Europe  with $74 billion in the fossil fuel industry since #Paris. #BankingonClimateChange #FossilBanksNoThanks https://t.co/pYxRBQciHQ
1255779359056674816,2020-04-30 08:41:45,ASDCleanEnergy,0,20,Today @CreditSuisseâ€™s holds its online Annual General Meeting. The bank is the number 4 #FossilBank in Europe  with $74 billion in the fossil fuel industry since #Paris. #BankingonClimateChange #FossilBanksNoThanks https://t.co/pYxRBQciHQ
1255777305835831298,2020-04-30 08:33:35,enviro_matters,0,20,Today @CreditSuisseâ€™s holds its online Annual General Meeting. The bank is the number 4 #FossilBank in Europe  with $74 billion in the fossil fuel industry since #Paris. #BankingonClimateChange #FossilBanksNoThanks https://t.co/pYxRBQciHQ
1255776275085606913,2020-04-30 08:29:29,AlexCurran95,0,20,Today @CreditSuisseâ€™s holds its online Annual General Meeting. The bank is the number 4 #FossilBank in Europe  with $74 billion in the fossil fuel industry since #Paris. #BankingonClimateChange #FossilBanksNoThanks https://t.co/pYxRBQciHQ
1255776227283152900,2020-04-30 08:29:18,_Polinard,0,20,Today @CreditSuisseâ€™s holds its online Annual General Meeting. The bank is the number 4 #FossilBank in Europe  with $74 billion in the fossil fuel industry since #Paris. #BankingonClimateChange #FossilBanksNoThanks https://t.co/pYxRBQciHQ
1255775786616811520,2020-04-30 08:27:33,SaleemulHuq,0,20,Today @CreditSuisseâ€™s holds its online Annual General Meeting. The bank is the number 4 #FossilBank in Europe  with $74 billion in the fossil fuel industry since #Paris. #BankingonClimateChange #FossilBanksNoThanks https://t.co/pYxRBQciHQ
1255774434125807616,2020-04-30 08:22:10,BankTrack,0,20,Today @CreditSuisseâ€™s holds its online Annual General Meeting. The bank is the number 4 #FossilBank in Europe  with $74 billion in the fossil fuel industry since #Paris. #BankingonClimateChange #FossilBanksNoThanks https://t.co/pYxRBQciHQ
1255770518646591489,2020-04-30 08:06:37,RovanZon,0,20,Today @CreditSuisseâ€™s holds its online Annual General Meeting. The bank is the number 4 #FossilBank in Europe  with $74 billion in the fossil fuel industry since #Paris. #BankingonClimateChange #FossilBanksNoThanks https://t.co/pYxRBQciHQ
1255770143336079360,2020-04-30 08:05:07,andytuit,0,20,Today @CreditSuisseâ€™s holds its online Annual General Meeting. The bank is the number 4 #FossilBank in Europe  with $74 billion in the fossil fuel industry since #Paris. #BankingonClimateChange #FossilBanksNoThanks https://t.co/pYxRBQciHQ
1255770123102818311,2020-04-30 08:05:03,SriEvent,0,20,Today @CreditSuisseâ€™s holds its online Annual General Meeting. The bank is the number 4 #FossilBank in Europe  with $74 billion in the fossil fuel industry since #Paris. #BankingonClimateChange #FossilBanksNoThanks https://t.co/pYxRBQciHQ
1255769748354347008,2020-04-30 08:03:33,londonmining,0,20,Today @CreditSuisseâ€™s holds its online Annual General Meeting. The bank is the number 4 #FossilBank in Europe  with $74 billion in the fossil fuel industry since #Paris. #BankingonClimateChange #FossilBanksNoThanks https://t.co/pYxRBQciHQ
1255769620067299329,2020-04-30 08:03:03,NoFossilBanks,1,0,@CreditSuisse is not performing well in other sectors either. With a total of 9 policy points out of 200 in our #BankingOnClimateChange report  the bank does not have any policies in place to ensure alignment with the Paris Agreement. Time to change course!ðŸ”¥
1255769615222878209,2020-04-30 08:03:01,NoFossilBanks,1,1,Most of its support went to the fracking industry  making @CreditSuisse one of the top 10 bankers in this sector. With no strong policies in place  shareholders should today urge the bank to come up with a plan to phase out finance for fracking! #BankingonClimateChange https://t.co/J7KkPegBDH
1255769612697952256,2020-04-30 08:03:01,NoFossilBanks,22,20,Today @CreditSuisseâ€™s holds its online Annual General Meeting. The bank is the number 4 #FossilBank in Europe  with $74 billion in the fossil fuel industry since #Paris. #BankingonClimateChange #FossilBanksNoThanks https://t.co/pYxRBQciHQ
1255730915772207104,2020-04-30 05:29:15,solarpaddy,3,0,@BUCAblog @drvox People like @RAN @SierraClub @PriceofOil @BankTrack @IEN @ReclaimFinance  who publish the annual #BankingOnClimateChange report and push big banks into changing their evil ways https://t.co/FWQ984Mt2z
1255610731757817856,2020-04-29 21:31:41,helenlouiseryan,0,3,First #Exxon  then #Chase --&gt; #ClimateDenial #ExxonKnew:Tell asset managers like BlackRock it's time to #StoptheMoneyPipeline &amp; #DumpLeeRaymond: :#BankingonClimateChange @350Mass https://t.co/mA2FQKf775
1255609374745165825,2020-04-29 21:26:17,earthlo70876049,0,3,First #Exxon  then #Chase --&gt; #ClimateDenial #ExxonKnew:Tell asset managers like BlackRock it's time to #StoptheMoneyPipeline &amp; #DumpLeeRaymond: :#BankingonClimateChange @350Mass https://t.co/mA2FQKf775
1255485879617028097,2020-04-29 13:15:34,confiable,3,3,First #Exxon  then #Chase --&gt; #ClimateDenial #ExxonKnew:Tell asset managers like BlackRock it's time to #StoptheMoneyPipeline &amp; #DumpLeeRaymond: :#BankingonClimateChange @350Mass https://t.co/mA2FQKf775
1255474404861116424,2020-04-29 12:29:58,NoFossilBanks,0,0,Last year @RBS already showed it is serious about changing  and slashed its fossil fuel finance ðŸ”¥. In 2018  the bank financed the fossil fuel industry with $3.7 billion. In 2019 this was brought back to $1.7 billion  lower than all other banks in #BankingonClimateChange.
1255451353326981122,2020-04-29 10:58:22,lucreciabaila,0,4,While @WellsFargo recently made a good move to rule out finance for Arctic drilling  it remains the second-worst fossil bank globally  pouring a staggering $198 bn into the fossil fuel sector since 2016. #BankingOnClimateChange https://t.co/yybRls8UfT
1255404463893946368,2020-04-29 07:52:03,NoFossilBanks,0,0,It's @UBS's AGM today  and while shareholders can't physically attend  they can attend via a webcast. UBS is Swissâ€™ second and Europeâ€™s ninth biggest financiers of fossil fuels according to #BankingOnClimateChange.
1255384967397416960,2020-04-29 06:34:34,Andree83075102,0,4,While @WellsFargo recently made a good move to rule out finance for Arctic drilling  it remains the second-worst fossil bank globally  pouring a staggering $198 bn into the fossil fuel sector since 2016. #BankingOnClimateChange https://t.co/yybRls8UfT
1255186952116109314,2020-04-28 17:27:44,maxkafe,0,4,While @WellsFargo recently made a good move to rule out finance for Arctic drilling  it remains the second-worst fossil bank globally  pouring a staggering $198 bn into the fossil fuel sector since 2016. #BankingOnClimateChange https://t.co/yybRls8UfT
1255184358643769344,2020-04-28 17:17:25,bmcushing,0,4,While @WellsFargo recently made a good move to rule out finance for Arctic drilling  it remains the second-worst fossil bank globally  pouring a staggering $198 bn into the fossil fuel sector since 2016. #BankingOnClimateChange https://t.co/yybRls8UfT
1255157435532222471,2020-04-28 15:30:26,NoFossilBanks,6,4,While @WellsFargo recently made a good move to rule out finance for Arctic drilling  it remains the second-worst fossil bank globally  pouring a staggering $198 bn into the fossil fuel sector since 2016. #BankingOnClimateChange https://t.co/yybRls8UfT
1255154223961931777,2020-04-28 15:17:41,hs_unlimited,0,5,Today is the Annual meeting of @ING_news. Sadly  ING remains the number one Dutch bank financing fossil fuels. In 2019  it poured $8.6 bn into the fossil fuels sector  with $1 2 bn going to companies expanding their fossil fuel activities. #BankingOnClimateChange https://t.co/vaC3Rpeew0
1255116597506834434,2020-04-28 12:48:10,watchfire87,0,5,Today is the Annual meeting of @ING_news. Sadly  ING remains the number one Dutch bank financing fossil fuels. In 2019  it poured $8.6 bn into the fossil fuels sector  with $1 2 bn going to companies expanding their fossil fuel activities. #BankingOnClimateChange https://t.co/vaC3Rpeew0
1255113337135869953,2020-04-28 12:35:13,BankTrack,0,5,Today is the Annual meeting of @ING_news. Sadly  ING remains the number one Dutch bank financing fossil fuels. In 2019  it poured $8.6 bn into the fossil fuels sector  with $1 2 bn going to companies expanding their fossil fuel activities. #BankingOnClimateChange https://t.co/vaC3Rpeew0
1255078803702984704,2020-04-28 10:17:59,RovanZon,0,5,Today is the Annual meeting of @ING_news. Sadly  ING remains the number one Dutch bank financing fossil fuels. In 2019  it poured $8.6 bn into the fossil fuels sector  with $1 2 bn going to companies expanding their fossil fuel activities. #BankingOnClimateChange https://t.co/vaC3Rpeew0
1255077460892430336,2020-04-28 10:12:39,NoFossilBanks,5,5,Today is the Annual meeting of @ING_news. Sadly  ING remains the number one Dutch bank financing fossil fuels. In 2019  it poured $8.6 bn into the fossil fuels sector  with $1 2 bn going to companies expanding their fossil fuel activities. #BankingOnClimateChange https://t.co/vaC3Rpeew0
1254681847285592065,2020-04-27 08:00:37,NoFossilBanks,0,0,With an embarrassing score of 0.5 out of 200 in the #BankingonClimateChange policy ranking  @Intesasanpaulo is the worst European bank in the report.
1254275000137183239,2020-04-26 05:03:57,Raj4AK,0,26,Today is the Annual General Meeting of @HSBC  the number 2 #FossilBank in Europe. It has pumped some $87 billion into the fossil fuel industry since #Paris  of which $33 billion was for expansion. #FossilBanksNoThanks #BankingonClimateChange https://t.co/FfZ8uabs9w
1254055267911729159,2020-04-25 14:30:49,Suomigirl987,0,26,Today is the Annual General Meeting of @HSBC  the number 2 #FossilBank in Europe. It has pumped some $87 billion into the fossil fuel industry since #Paris  of which $33 billion was for expansion. #FossilBanksNoThanks #BankingonClimateChange https://t.co/FfZ8uabs9w
1253826436387012609,2020-04-24 23:21:32,quietcat,0,26,Today is the Annual General Meeting of @HSBC  the number 2 #FossilBank in Europe. It has pumped some $87 billion into the fossil fuel industry since #Paris  of which $33 billion was for expansion. #FossilBanksNoThanks #BankingonClimateChange https://t.co/FfZ8uabs9w
1253814881830068224,2020-04-24 22:35:37,wakiyan7,0,6,WATCH LIVE! .@AOC spills the tea! https://t.co/NXKLtFiFoS::#AOC #ClimateEmergency #StoptheMoneyPipeline #InsureOurFuture #BankingonClimateChange https://t.co/mnmioaGcnV
1253801484879347724,2020-04-24 21:42:23,mary07mac,0,6,WATCH LIVE! .@AOC spills the tea! https://t.co/NXKLtFiFoS::#AOC #ClimateEmergency #StoptheMoneyPipeline #InsureOurFuture #BankingonClimateChange https://t.co/mnmioaGcnV
1253800060879601668,2020-04-24 21:36:43,OurFutureBot,0,6,WATCH LIVE! .@AOC spills the tea! https://t.co/NXKLtFiFoS::#AOC #ClimateEmergency #StoptheMoneyPipeline #InsureOurFuture #BankingonClimateChange https://t.co/mnmioaGcnV
1253799653843390465,2020-04-24 21:35:06,Turbopeppino,0,6,WATCH LIVE! .@AOC spills the tea! https://t.co/NXKLtFiFoS::#AOC #ClimateEmergency #StoptheMoneyPipeline #InsureOurFuture #BankingonClimateChange https://t.co/mnmioaGcnV
1253799474847027200,2020-04-24 21:34:23,Tzeporah,0,6,WATCH LIVE! .@AOC spills the tea! https://t.co/NXKLtFiFoS::#AOC #ClimateEmergency #StoptheMoneyPipeline #InsureOurFuture #BankingonClimateChange https://t.co/mnmioaGcnV
1253799361730932736,2020-04-24 21:33:56,BLKsBigProblem,0,6,WATCH LIVE! .@AOC spills the tea! https://t.co/NXKLtFiFoS::#AOC #ClimateEmergency #StoptheMoneyPipeline #InsureOurFuture #BankingonClimateChange https://t.co/mnmioaGcnV
1253799287407796225,2020-04-24 21:33:39,StopMoneyPipe,8,6,WATCH LIVE! .@AOC spills the tea! https://t.co/NXKLtFiFoS::#AOC #ClimateEmergency #StoptheMoneyPipeline #InsureOurFuture #BankingonClimateChange https://t.co/mnmioaGcnV
1253793701278609408,2020-04-24 21:11:27,bothandeach,0,26,Today is the Annual General Meeting of @HSBC  the number 2 #FossilBank in Europe. It has pumped some $87 billion into the fossil fuel industry since #Paris  of which $33 billion was for expansion. #FossilBanksNoThanks #BankingonClimateChange https://t.co/FfZ8uabs9w
1253719566074732544,2020-04-24 16:16:52,gchebly,0,26,Today is the Annual General Meeting of @HSBC  the number 2 #FossilBank in Europe. It has pumped some $87 billion into the fossil fuel industry since #Paris  of which $33 billion was for expansion. #FossilBanksNoThanks #BankingonClimateChange https://t.co/FfZ8uabs9w
1253713245447376897,2020-04-24 15:51:45,earthlo70876049,0,2,The one and only TALIB KWELI takes us home after a big old day! WATCH NOW: https://t.co/NXKLtFiFoS::#StoptheMoneyPipeline #DanceDanceRevolution #ClimateEmergency #BankingonClimateChange #InsureOurFuture https://t.co/MPX5DPSGEB
1253704476403412993,2020-04-24 15:16:54,GilbertRossier,0,26,Today is the Annual General Meeting of @HSBC  the number 2 #FossilBank in Europe. It has pumped some $87 billion into the fossil fuel industry since #Paris  of which $33 billion was for expansion. #FossilBanksNoThanks #BankingonClimateChange https://t.co/FfZ8uabs9w
1253704093455040512,2020-04-24 15:15:23,GilbertRossier,0,9,The latest #BankingonClimateChange report is in. 35 banks have funneled $2.7 trillion into fossil fuels since the Paris Agreement. All major global banks fail to seriously address the damage theyâ€™re doing to the climate. See how your bank stacks up at https://t.co/DP79dqJXMI. https://t.co/m5mw8Sk3RC
1253686808887595009,2020-04-24 14:06:42,wimseghers,0,26,Today is the Annual General Meeting of @HSBC  the number 2 #FossilBank in Europe. It has pumped some $87 billion into the fossil fuel industry since #Paris  of which $33 billion was for expansion. #FossilBanksNoThanks #BankingonClimateChange https://t.co/FfZ8uabs9w
1253681972385329152,2020-04-24 13:47:29,350SouthAsia,0,26,Today is the Annual General Meeting of @HSBC  the number 2 #FossilBank in Europe. It has pumped some $87 billion into the fossil fuel industry since #Paris  of which $33 billion was for expansion. #FossilBanksNoThanks #BankingonClimateChange https://t.co/FfZ8uabs9w
1253664668272390144,2020-04-24 12:38:43,SkepticKev,0,26,Today is the Annual General Meeting of @HSBC  the number 2 #FossilBank in Europe. It has pumped some $87 billion into the fossil fuel industry since #Paris  of which $33 billion was for expansion. #FossilBanksNoThanks #BankingonClimateChange https://t.co/FfZ8uabs9w
1253654364486610945,2020-04-24 11:57:46,4MrKW,0,26,Today is the Annual General Meeting of @HSBC  the number 2 #FossilBank in Europe. It has pumped some $87 billion into the fossil fuel industry since #Paris  of which $33 billion was for expansion. #FossilBanksNoThanks #BankingonClimateChange https://t.co/FfZ8uabs9w
1253644404121833478,2020-04-24 11:18:12,1kilroywashere,0,7,Great new report on the UK banks that are #FundingClimateChaos  powered by data from our #BankingonClimateChange report with @RAN @SierraClub @PriceofOil @ReclaimFinance @IENearth ðŸ”¥ðŸ‘‡ https://t.co/VOkIyg63oJ
1253638742469902336,2020-04-24 10:55:42,XR_BSE,0,10,Frontline activists have moved #BlackRock on climate - but the $7 TRILLION under its management is still driving the #climatecrisis.::Watch -- then take action::https://t.co/YXwQK3e1l1::#BLKBigProblem #StoptheMoneyPipeline #EarthDayLive #BankingonClimateChange #ClimateEmergency
1253636605383979008,2020-04-24 10:47:12,NicoleRath7,0,26,Today is the Annual General Meeting of @HSBC  the number 2 #FossilBank in Europe. It has pumped some $87 billion into the fossil fuel industry since #Paris  of which $33 billion was for expansion. #FossilBanksNoThanks #BankingonClimateChange https://t.co/FfZ8uabs9w
1253634924759920640,2020-04-24 10:40:32,LucillaPiccari,0,26,Today is the Annual General Meeting of @HSBC  the number 2 #FossilBank in Europe. It has pumped some $87 billion into the fossil fuel industry since #Paris  of which $33 billion was for expansion. #FossilBanksNoThanks #BankingonClimateChange https://t.co/FfZ8uabs9w
1253634289713008640,2020-04-24 10:38:00,londonmining,0,26,Today is the Annual General Meeting of @HSBC  the number 2 #FossilBank in Europe. It has pumped some $87 billion into the fossil fuel industry since #Paris  of which $33 billion was for expansion. #FossilBanksNoThanks #BankingonClimateChange https://t.co/FfZ8uabs9w
1253632184419835904,2020-04-24 10:29:38,urgewald,0,26,Today is the Annual General Meeting of @HSBC  the number 2 #FossilBank in Europe. It has pumped some $87 billion into the fossil fuel industry since #Paris  of which $33 billion was for expansion. #FossilBanksNoThanks #BankingonClimateChange https://t.co/FfZ8uabs9w
1253630893673119744,2020-04-24 10:24:31,Avonturenbus,0,10,Frontline activists have moved #BlackRock on climate - but the $7 TRILLION under its management is still driving the #climatecrisis.::Watch -- then take action::https://t.co/YXwQK3e1l1::#BLKBigProblem #StoptheMoneyPipeline #EarthDayLive #BankingonClimateChange #ClimateEmergency
1253630473030569984,2020-04-24 10:22:50,a_Chris_Webb,0,26,Today is the Annual General Meeting of @HSBC  the number 2 #FossilBank in Europe. It has pumped some $87 billion into the fossil fuel industry since #Paris  of which $33 billion was for expansion. #FossilBanksNoThanks #BankingonClimateChange https://t.co/FfZ8uabs9w
1253630396878794752,2020-04-24 10:22:32,johnecohound,0,26,Today is the Annual General Meeting of @HSBC  the number 2 #FossilBank in Europe. It has pumped some $87 billion into the fossil fuel industry since #Paris  of which $33 billion was for expansion. #FossilBanksNoThanks #BankingonClimateChange https://t.co/FfZ8uabs9w
1253629163405217793,2020-04-24 10:17:38,jdelapaz1,0,26,Today is the Annual General Meeting of @HSBC  the number 2 #FossilBank in Europe. It has pumped some $87 billion into the fossil fuel industry since #Paris  of which $33 billion was for expansion. #FossilBanksNoThanks #BankingonClimateChange https://t.co/FfZ8uabs9w
1253627131717795840,2020-04-24 10:09:34,tobeornot1st,0,26,Today is the Annual General Meeting of @HSBC  the number 2 #FossilBank in Europe. It has pumped some $87 billion into the fossil fuel industry since #Paris  of which $33 billion was for expansion. #FossilBanksNoThanks #BankingonClimateChange https://t.co/FfZ8uabs9w
1253625796650045440,2020-04-24 10:04:15,andytuit,0,26,Today is the Annual General Meeting of @HSBC  the number 2 #FossilBank in Europe. It has pumped some $87 billion into the fossil fuel industry since #Paris  of which $33 billion was for expansion. #FossilBanksNoThanks #BankingonClimateChange https://t.co/FfZ8uabs9w
1253625762923663360,2020-04-24 10:04:07,EcologyNature,0,26,Today is the Annual General Meeting of @HSBC  the number 2 #FossilBank in Europe. It has pumped some $87 billion into the fossil fuel industry since #Paris  of which $33 billion was for expansion. #FossilBanksNoThanks #BankingonClimateChange https://t.co/FfZ8uabs9w
1253625549139800064,2020-04-24 10:03:16,jennytuazn,0,26,Today is the Annual General Meeting of @HSBC  the number 2 #FossilBank in Europe. It has pumped some $87 billion into the fossil fuel industry since #Paris  of which $33 billion was for expansion. #FossilBanksNoThanks #BankingonClimateChange https://t.co/FfZ8uabs9w
1253625330541096965,2020-04-24 10:02:24,GreenEntreprise,0,26,Today is the Annual General Meeting of @HSBC  the number 2 #FossilBank in Europe. It has pumped some $87 billion into the fossil fuel industry since #Paris  of which $33 billion was for expansion. #FossilBanksNoThanks #BankingonClimateChange https://t.co/FfZ8uabs9w
1253625227453403137,2020-04-24 10:02:00,NohpalliNapoli,0,26,Today is the Annual General Meeting of @HSBC  the number 2 #FossilBank in Europe. It has pumped some $87 billion into the fossil fuel industry since #Paris  of which $33 billion was for expansion. #FossilBanksNoThanks #BankingonClimateChange https://t.co/FfZ8uabs9w
1253625109467676672,2020-04-24 10:01:31,350,0,26,Today is the Annual General Meeting of @HSBC  the number 2 #FossilBank in Europe. It has pumped some $87 billion into the fossil fuel industry since #Paris  of which $33 billion was for expansion. #FossilBanksNoThanks #BankingonClimateChange https://t.co/FfZ8uabs9w
1253622408059240449,2020-04-24 09:50:47,GeoffBeacon,0,10,Frontline activists have moved #BlackRock on climate - but the $7 TRILLION under its management is still driving the #climatecrisis.::Watch -- then take action::https://t.co/YXwQK3e1l1::#BLKBigProblem #StoptheMoneyPipeline #EarthDayLive #BankingonClimateChange #ClimateEmergency
1253621743232614401,2020-04-24 09:48:09,biofuelwatch,0,26,Today is the Annual General Meeting of @HSBC  the number 2 #FossilBank in Europe. It has pumped some $87 billion into the fossil fuel industry since #Paris  of which $33 billion was for expansion. #FossilBanksNoThanks #BankingonClimateChange https://t.co/FfZ8uabs9w
1253620740760403968,2020-04-24 09:44:10,NoFossilBanks,28,26,Today is the Annual General Meeting of @HSBC  the number 2 #FossilBank in Europe. It has pumped some $87 billion into the fossil fuel industry since #Paris  of which $33 billion was for expansion. #FossilBanksNoThanks #BankingonClimateChange https://t.co/FfZ8uabs9w
1253608129474019329,2020-04-24 08:54:03,OurFutureBot,0,52,#StoptheMoneyPipeline takes over Day 2 for #EarthDayLive!::WATCH LIVE: https://t.co/NXKLtFiFoS::Coming up at 12 PT/ 3 ET Stop the Money Pipeline Townhall  feat: .@RepRashida .@SenMarkey .@SenJeffMerkley ::#ClimateEmergency #InsureOurFuture #BLKBigProblem #BankingonClimateChange https://t.co/ebRXHa0q7K
1253608084909387777,2020-04-24 08:53:53,Jlux6b,0,52,#StoptheMoneyPipeline takes over Day 2 for #EarthDayLive!::WATCH LIVE: https://t.co/NXKLtFiFoS::Coming up at 12 PT/ 3 ET Stop the Money Pipeline Townhall  feat: .@RepRashida .@SenMarkey .@SenJeffMerkley ::#ClimateEmergency #InsureOurFuture #BLKBigProblem #BankingonClimateChange https://t.co/ebRXHa0q7K
1253529708425351170,2020-04-24 03:42:26,AngelLo56431545,0,65,Join us today for day 2 of #EarthDayLive!::Day 2  produced by Stop the Money Pipeline  is about ending the financing of climate destruction.::Watch live NOW: https://t.co/1Df3H0QL9Y::#StoptheMoneyPipeline #ClimateEmergency #BankingonClimateChange #InsureOurFuture #BLKBigProblem https://t.co/GushFsIgnp
1253510794379096065,2020-04-24 02:27:17,barSwilson,0,65,Join us today for day 2 of #EarthDayLive!::Day 2  produced by Stop the Money Pipeline  is about ending the financing of climate destruction.::Watch live NOW: https://t.co/1Df3H0QL9Y::#StoptheMoneyPipeline #ClimateEmergency #BankingonClimateChange #InsureOurFuture #BLKBigProblem https://t.co/GushFsIgnp
1253506376191664128,2020-04-24 02:09:43,OurFutureBot,0,2,The one and only TALIB KWELI takes us home after a big old day! WATCH NOW: https://t.co/NXKLtFiFoS::#StoptheMoneyPipeline #DanceDanceRevolution #ClimateEmergency #BankingonClimateChange #InsureOurFuture https://t.co/MPX5DPSGEB
1253505314176950273,2020-04-24 02:05:30,StopMoneyPipe,2,2,The one and only TALIB KWELI takes us home after a big old day! WATCH NOW: https://t.co/NXKLtFiFoS::#StoptheMoneyPipeline #DanceDanceRevolution #ClimateEmergency #BankingonClimateChange #InsureOurFuture https://t.co/MPX5DPSGEB
1253478861771284481,2020-04-24 00:20:23,tearoeprice,0,65,Join us today for day 2 of #EarthDayLive!::Day 2  produced by Stop the Money Pipeline  is about ending the financing of climate destruction.::Watch live NOW: https://t.co/1Df3H0QL9Y::#StoptheMoneyPipeline #ClimateEmergency #BankingonClimateChange #InsureOurFuture #BLKBigProblem https://t.co/GushFsIgnp
1253456080937549825,2020-04-23 22:49:52,earthethicsinc,0,10,Frontline activists have moved #BlackRock on climate - but the $7 TRILLION under its management is still driving the #climatecrisis.::Watch -- then take action::https://t.co/YXwQK3e1l1::#BLKBigProblem #StoptheMoneyPipeline #EarthDayLive #BankingonClimateChange #ClimateEmergency
1253454467812356098,2020-04-23 22:43:27,oldman_sam,0,10,Frontline activists have moved #BlackRock on climate - but the $7 TRILLION under its management is still driving the #climatecrisis.::Watch -- then take action::https://t.co/YXwQK3e1l1::#BLKBigProblem #StoptheMoneyPipeline #EarthDayLive #BankingonClimateChange #ClimateEmergency
1253448925849112576,2020-04-23 22:21:26,misstc20ny,0,65,Join us today for day 2 of #EarthDayLive!::Day 2  produced by Stop the Money Pipeline  is about ending the financing of climate destruction.::Watch live NOW: https://t.co/1Df3H0QL9Y::#StoptheMoneyPipeline #ClimateEmergency #BankingonClimateChange #InsureOurFuture #BLKBigProblem https://t.co/GushFsIgnp
1253448084765519872,2020-04-23 22:18:06,earthlo70876049,0,6,STARTING NOW: #StoptheMoneyPipeline Town Hall feat @RepRashida !:https://t.co/NXKLtFiFoS:#PeopleNotPolluters:#BLKBigProblem #InsureOurFuture #BankingonClimateChange:#ClimateEmergency https://t.co/bUoCiP9Osx
1253445272757309442,2020-04-23 22:06:55,earthlo70876049,0,3,WATCH LIVE: #StoptheMoneyPipeline Town Hall feat  .@SenMarkey!::https://t.co/re5JOP5a0S:#PeopleNotPolluters:#BLKBigProblem #InsureOurFuture #BankingonClimateChange:#ClimateEmergency https://t.co/YqmsWyrjIe
1253441833276858368,2020-04-23 21:53:15,StopMoneyPipe,0,65,Join us today for day 2 of #EarthDayLive!::Day 2  produced by Stop the Money Pipeline  is about ending the financing of climate destruction.::Watch live NOW: https://t.co/1Df3H0QL9Y::#StoptheMoneyPipeline #ClimateEmergency #BankingonClimateChange #InsureOurFuture #BLKBigProblem https://t.co/GushFsIgnp
1253437071060013059,2020-04-23 21:34:20,mary07mac,0,10,Frontline activists have moved #BlackRock on climate - but the $7 TRILLION under its management is still driving the #climatecrisis.::Watch -- then take action::https://t.co/YXwQK3e1l1::#BLKBigProblem #StoptheMoneyPipeline #EarthDayLive #BankingonClimateChange #ClimateEmergency
1253433497005338626,2020-04-23 21:20:08,OurFutureBot,0,10,Frontline activists have moved #BlackRock on climate - but the $7 TRILLION under its management is still driving the #climatecrisis.::Watch -- then take action::https://t.co/YXwQK3e1l1::#BLKBigProblem #StoptheMoneyPipeline #EarthDayLive #BankingonClimateChange #ClimateEmergency
1253432347820617728,2020-04-23 21:15:34,StopMoneyPipe,5,10,Frontline activists have moved #BlackRock on climate - but the $7 TRILLION under its management is still driving the #climatecrisis.::Watch -- then take action::https://t.co/YXwQK3e1l1::#BLKBigProblem #StoptheMoneyPipeline #EarthDayLive #BankingonClimateChange #ClimateEmergency
1253430460455084036,2020-04-23 21:08:04,ecowarrior350,0,65,Join us today for day 2 of #EarthDayLive!::Day 2  produced by Stop the Money Pipeline  is about ending the financing of climate destruction.::Watch live NOW: https://t.co/1Df3H0QL9Y::#StoptheMoneyPipeline #ClimateEmergency #BankingonClimateChange #InsureOurFuture #BLKBigProblem https://t.co/GushFsIgnp
1253428685295648776,2020-04-23 21:01:00,CherryShari,0,65,Join us today for day 2 of #EarthDayLive!::Day 2  produced by Stop the Money Pipeline  is about ending the financing of climate destruction.::Watch live NOW: https://t.co/1Df3H0QL9Y::#StoptheMoneyPipeline #ClimateEmergency #BankingonClimateChange #InsureOurFuture #BLKBigProblem https://t.co/GushFsIgnp
1253428403388051459,2020-04-23 20:59:53,MelkiJRussell,0,52,#StoptheMoneyPipeline takes over Day 2 for #EarthDayLive!::WATCH LIVE: https://t.co/NXKLtFiFoS::Coming up at 12 PT/ 3 ET Stop the Money Pipeline Townhall  feat: .@RepRashida .@SenMarkey .@SenJeffMerkley ::#ClimateEmergency #InsureOurFuture #BLKBigProblem #BankingonClimateChange https://t.co/ebRXHa0q7K
1253424737067270156,2020-04-23 20:45:19,RAWitt2,0,65,Join us today for day 2 of #EarthDayLive!::Day 2  produced by Stop the Money Pipeline  is about ending the financing of climate destruction.::Watch live NOW: https://t.co/1Df3H0QL9Y::#StoptheMoneyPipeline #ClimateEmergency #BankingonClimateChange #InsureOurFuture #BLKBigProblem https://t.co/GushFsIgnp
1253419025557671937,2020-04-23 20:22:37,manzanitafire,0,52,#StoptheMoneyPipeline takes over Day 2 for #EarthDayLive!::WATCH LIVE: https://t.co/NXKLtFiFoS::Coming up at 12 PT/ 3 ET Stop the Money Pipeline Townhall  feat: .@RepRashida .@SenMarkey .@SenJeffMerkley ::#ClimateEmergency #InsureOurFuture #BLKBigProblem #BankingonClimateChange https://t.co/ebRXHa0q7K
1253418221899616257,2020-04-23 20:19:26,SierraChicago,0,52,#StoptheMoneyPipeline takes over Day 2 for #EarthDayLive!::WATCH LIVE: https://t.co/NXKLtFiFoS::Coming up at 12 PT/ 3 ET Stop the Money Pipeline Townhall  feat: .@RepRashida .@SenMarkey .@SenJeffMerkley ::#ClimateEmergency #InsureOurFuture #BLKBigProblem #BankingonClimateChange https://t.co/ebRXHa0q7K
1253410615831363585,2020-04-23 19:49:12,earthethicsinc,0,52,#StoptheMoneyPipeline takes over Day 2 for #EarthDayLive!::WATCH LIVE: https://t.co/NXKLtFiFoS::Coming up at 12 PT/ 3 ET Stop the Money Pipeline Townhall  feat: .@RepRashida .@SenMarkey .@SenJeffMerkley ::#ClimateEmergency #InsureOurFuture #BLKBigProblem #BankingonClimateChange https://t.co/ebRXHa0q7K
1253409701770878976,2020-04-23 19:45:34,lback63,0,65,Join us today for day 2 of #EarthDayLive!::Day 2  produced by Stop the Money Pipeline  is about ending the financing of climate destruction.::Watch live NOW: https://t.co/1Df3H0QL9Y::#StoptheMoneyPipeline #ClimateEmergency #BankingonClimateChange #InsureOurFuture #BLKBigProblem https://t.co/GushFsIgnp
1253406069604249600,2020-04-23 19:31:08,StopMoneyPipe,0,3,WATCH LIVE: #StoptheMoneyPipeline Town Hall feat  .@SenMarkey!::https://t.co/re5JOP5a0S:#PeopleNotPolluters:#BLKBigProblem #InsureOurFuture #BankingonClimateChange:#ClimateEmergency https://t.co/YqmsWyrjIe
1253405641953206272,2020-04-23 19:29:26,OurFutureBot,0,3,WATCH LIVE: #StoptheMoneyPipeline Town Hall feat  .@SenMarkey!::https://t.co/re5JOP5a0S:#PeopleNotPolluters:#BLKBigProblem #InsureOurFuture #BankingonClimateChange:#ClimateEmergency https://t.co/YqmsWyrjIe
1253403969860206592,2020-04-23 19:22:48,StopMoneyPipe,1,3,WATCH LIVE: #StoptheMoneyPipeline Town Hall feat  .@SenMarkey!::https://t.co/re5JOP5a0S:#PeopleNotPolluters:#BLKBigProblem #InsureOurFuture #BankingonClimateChange:#ClimateEmergency https://t.co/YqmsWyrjIe
1253402587598110721,2020-04-23 19:17:18,ht4ecosocialism,0,52,#StoptheMoneyPipeline takes over Day 2 for #EarthDayLive!::WATCH LIVE: https://t.co/NXKLtFiFoS::Coming up at 12 PT/ 3 ET Stop the Money Pipeline Townhall  feat: .@RepRashida .@SenMarkey .@SenJeffMerkley ::#ClimateEmergency #InsureOurFuture #BLKBigProblem #BankingonClimateChange https://t.co/ebRXHa0q7K
1253400762404634624,2020-04-23 19:10:03,presleycarillo,0,52,#StoptheMoneyPipeline takes over Day 2 for #EarthDayLive!::WATCH LIVE: https://t.co/NXKLtFiFoS::Coming up at 12 PT/ 3 ET Stop the Money Pipeline Townhall  feat: .@RepRashida .@SenMarkey .@SenJeffMerkley ::#ClimateEmergency #InsureOurFuture #BLKBigProblem #BankingonClimateChange https://t.co/ebRXHa0q7K
1253400735427039234,2020-04-23 19:09:57,350Triangle,0,52,#StoptheMoneyPipeline takes over Day 2 for #EarthDayLive!::WATCH LIVE: https://t.co/NXKLtFiFoS::Coming up at 12 PT/ 3 ET Stop the Money Pipeline Townhall  feat: .@RepRashida .@SenMarkey .@SenJeffMerkley ::#ClimateEmergency #InsureOurFuture #BLKBigProblem #BankingonClimateChange https://t.co/ebRXHa0q7K
1253400714338021382,2020-04-23 19:09:52,StrackeKey,0,52,#StoptheMoneyPipeline takes over Day 2 for #EarthDayLive!::WATCH LIVE: https://t.co/NXKLtFiFoS::Coming up at 12 PT/ 3 ET Stop the Money Pipeline Townhall  feat: .@RepRashida .@SenMarkey .@SenJeffMerkley ::#ClimateEmergency #InsureOurFuture #BLKBigProblem #BankingonClimateChange https://t.co/ebRXHa0q7K
1253400679688921095,2020-04-23 19:09:43,OurFutureBot,0,6,STARTING NOW: #StoptheMoneyPipeline Town Hall feat @RepRashida !:https://t.co/NXKLtFiFoS:#PeopleNotPolluters:#BLKBigProblem #InsureOurFuture #BankingonClimateChange:#ClimateEmergency https://t.co/bUoCiP9Osx
1253400324502630405,2020-04-23 19:08:19,v_chaud,0,6,STARTING NOW: #StoptheMoneyPipeline Town Hall feat @RepRashida !:https://t.co/NXKLtFiFoS:#PeopleNotPolluters:#BLKBigProblem #InsureOurFuture #BankingonClimateChange:#ClimateEmergency https://t.co/bUoCiP9Osx
1253400317615419393,2020-04-23 19:08:17,ca_350,0,52,#StoptheMoneyPipeline takes over Day 2 for #EarthDayLive!::WATCH LIVE: https://t.co/NXKLtFiFoS::Coming up at 12 PT/ 3 ET Stop the Money Pipeline Townhall  feat: .@RepRashida .@SenMarkey .@SenJeffMerkley ::#ClimateEmergency #InsureOurFuture #BLKBigProblem #BankingonClimateChange https://t.co/ebRXHa0q7K
1253399694505414657,2020-04-23 19:05:48,wecprotects,0,6,STARTING NOW: #StoptheMoneyPipeline Town Hall feat @RepRashida !:https://t.co/NXKLtFiFoS:#PeopleNotPolluters:#BLKBigProblem #InsureOurFuture #BankingonClimateChange:#ClimateEmergency https://t.co/bUoCiP9Osx
1253399589379399682,2020-04-23 19:05:23,StandUpToOil,0,6,STARTING NOW: #StoptheMoneyPipeline Town Hall feat @RepRashida !:https://t.co/NXKLtFiFoS:#PeopleNotPolluters:#BLKBigProblem #InsureOurFuture #BankingonClimateChange:#ClimateEmergency https://t.co/bUoCiP9Osx
1253399454889111553,2020-04-23 19:04:51,WCVoters,0,6,STARTING NOW: #StoptheMoneyPipeline Town Hall feat @RepRashida !:https://t.co/NXKLtFiFoS:#PeopleNotPolluters:#BLKBigProblem #InsureOurFuture #BankingonClimateChange:#ClimateEmergency https://t.co/bUoCiP9Osx
1253398825131102208,2020-04-23 19:02:21,StopMoneyPipe,10,6,STARTING NOW: #StoptheMoneyPipeline Town Hall feat @RepRashida !:https://t.co/NXKLtFiFoS:#PeopleNotPolluters:#BLKBigProblem #InsureOurFuture #BankingonClimateChange:#ClimateEmergency https://t.co/bUoCiP9Osx
1253395132440707072,2020-04-23 18:47:41,StopMoneyPipe,0,52,#StoptheMoneyPipeline takes over Day 2 for #EarthDayLive!::WATCH LIVE: https://t.co/NXKLtFiFoS::Coming up at 12 PT/ 3 ET Stop the Money Pipeline Townhall  feat: .@RepRashida .@SenMarkey .@SenJeffMerkley ::#ClimateEmergency #InsureOurFuture #BLKBigProblem #BankingonClimateChange https://t.co/ebRXHa0q7K
1253393252897734657,2020-04-23 18:40:13,CarolynSteinh4,0,65,Join us today for day 2 of #EarthDayLive!::Day 2  produced by Stop the Money Pipeline  is about ending the financing of climate destruction.::Watch live NOW: https://t.co/1Df3H0QL9Y::#StoptheMoneyPipeline #ClimateEmergency #BankingonClimateChange #InsureOurFuture #BLKBigProblem https://t.co/GushFsIgnp
1253390505263730688,2020-04-23 18:29:17,JustOnePeska,0,65,Join us today for day 2 of #EarthDayLive!::Day 2  produced by Stop the Money Pipeline  is about ending the financing of climate destruction.::Watch live NOW: https://t.co/1Df3H0QL9Y::#StoptheMoneyPipeline #ClimateEmergency #BankingonClimateChange #InsureOurFuture #BLKBigProblem https://t.co/GushFsIgnp
1253390155576012801,2020-04-23 18:27:54,WeAreMarchOn,0,52,#StoptheMoneyPipeline takes over Day 2 for #EarthDayLive!::WATCH LIVE: https://t.co/NXKLtFiFoS::Coming up at 12 PT/ 3 ET Stop the Money Pipeline Townhall  feat: .@RepRashida .@SenMarkey .@SenJeffMerkley ::#ClimateEmergency #InsureOurFuture #BLKBigProblem #BankingonClimateChange https://t.co/ebRXHa0q7K
1253390120717373444,2020-04-23 18:27:46,CLEOInstitute,1,0,Coming up at 12 PT/ 3 ET Stop the Money Pipeline Townhall  feat: .@RepRashida .@SenMarkey .@SenJeffMerkley ::#ClimateEmergency #InsureOurFuture #BLKBigProblem #BankingonClimateChange https://t.co/DTaO79WnJH
1253385913016578048,2020-04-23 18:11:03,jasondisterhoft,0,52,#StoptheMoneyPipeline takes over Day 2 for #EarthDayLive!::WATCH LIVE: https://t.co/NXKLtFiFoS::Coming up at 12 PT/ 3 ET Stop the Money Pipeline Townhall  feat: .@RepRashida .@SenMarkey .@SenJeffMerkley ::#ClimateEmergency #InsureOurFuture #BLKBigProblem #BankingonClimateChange https://t.co/ebRXHa0q7K
1253385484170145792,2020-04-23 18:09:20,courtney4bes,0,65,Join us today for day 2 of #EarthDayLive!::Day 2  produced by Stop the Money Pipeline  is about ending the financing of climate destruction.::Watch live NOW: https://t.co/1Df3H0QL9Y::#StoptheMoneyPipeline #ClimateEmergency #BankingonClimateChange #InsureOurFuture #BLKBigProblem https://t.co/GushFsIgnp
1253385201348050944,2020-04-23 18:08:13,Midnigh80579380,0,65,Join us today for day 2 of #EarthDayLive!::Day 2  produced by Stop the Money Pipeline  is about ending the financing of climate destruction.::Watch live NOW: https://t.co/1Df3H0QL9Y::#StoptheMoneyPipeline #ClimateEmergency #BankingonClimateChange #InsureOurFuture #BLKBigProblem https://t.co/GushFsIgnp
1253384179380674560,2020-04-23 18:04:09,FireDrillFriday,0,52,#StoptheMoneyPipeline takes over Day 2 for #EarthDayLive!::WATCH LIVE: https://t.co/NXKLtFiFoS::Coming up at 12 PT/ 3 ET Stop the Money Pipeline Townhall  feat: .@RepRashida .@SenMarkey .@SenJeffMerkley ::#ClimateEmergency #InsureOurFuture #BLKBigProblem #BankingonClimateChange https://t.co/ebRXHa0q7K
1253383335683870720,2020-04-23 18:00:48,DanCas2,0,52,#StoptheMoneyPipeline takes over Day 2 for #EarthDayLive!::WATCH LIVE: https://t.co/NXKLtFiFoS::Coming up at 12 PT/ 3 ET Stop the Money Pipeline Townhall  feat: .@RepRashida .@SenMarkey .@SenJeffMerkley ::#ClimateEmergency #InsureOurFuture #BLKBigProblem #BankingonClimateChange https://t.co/ebRXHa0q7K
1253383237898043392,2020-04-23 18:00:25,sustainbritons,0,52,#StoptheMoneyPipeline takes over Day 2 for #EarthDayLive!::WATCH LIVE: https://t.co/NXKLtFiFoS::Coming up at 12 PT/ 3 ET Stop the Money Pipeline Townhall  feat: .@RepRashida .@SenMarkey .@SenJeffMerkley ::#ClimateEmergency #InsureOurFuture #BLKBigProblem #BankingonClimateChange https://t.co/ebRXHa0q7K
1253383036370026496,2020-04-23 17:59:37,luggerme1,0,65,Join us today for day 2 of #EarthDayLive!::Day 2  produced by Stop the Money Pipeline  is about ending the financing of climate destruction.::Watch live NOW: https://t.co/1Df3H0QL9Y::#StoptheMoneyPipeline #ClimateEmergency #BankingonClimateChange #InsureOurFuture #BLKBigProblem https://t.co/GushFsIgnp
1253382986201829376,2020-04-23 17:59:25,foe_us,0,52,#StoptheMoneyPipeline takes over Day 2 for #EarthDayLive!::WATCH LIVE: https://t.co/NXKLtFiFoS::Coming up at 12 PT/ 3 ET Stop the Money Pipeline Townhall  feat: .@RepRashida .@SenMarkey .@SenJeffMerkley ::#ClimateEmergency #InsureOurFuture #BLKBigProblem #BankingonClimateChange https://t.co/ebRXHa0q7K
1253382920368082945,2020-04-23 17:59:09,foe_us,0,65,Join us today for day 2 of #EarthDayLive!::Day 2  produced by Stop the Money Pipeline  is about ending the financing of climate destruction.::Watch live NOW: https://t.co/1Df3H0QL9Y::#StoptheMoneyPipeline #ClimateEmergency #BankingonClimateChange #InsureOurFuture #BLKBigProblem https://t.co/GushFsIgnp
1253381417599291392,2020-04-23 17:53:11,GravityDynamic,0,65,Join us today for day 2 of #EarthDayLive!::Day 2  produced by Stop the Money Pipeline  is about ending the financing of climate destruction.::Watch live NOW: https://t.co/1Df3H0QL9Y::#StoptheMoneyPipeline #ClimateEmergency #BankingonClimateChange #InsureOurFuture #BLKBigProblem https://t.co/GushFsIgnp
1253380484345679877,2020-04-23 17:49:28,GravityDynamic,0,52,#StoptheMoneyPipeline takes over Day 2 for #EarthDayLive!::WATCH LIVE: https://t.co/NXKLtFiFoS::Coming up at 12 PT/ 3 ET Stop the Money Pipeline Townhall  feat: .@RepRashida .@SenMarkey .@SenJeffMerkley ::#ClimateEmergency #InsureOurFuture #BLKBigProblem #BankingonClimateChange https://t.co/ebRXHa0q7K
1253377273891180544,2020-04-23 17:36:43,350SouthBayLA,0,65,Join us today for day 2 of #EarthDayLive!::Day 2  produced by Stop the Money Pipeline  is about ending the financing of climate destruction.::Watch live NOW: https://t.co/1Df3H0QL9Y::#StoptheMoneyPipeline #ClimateEmergency #BankingonClimateChange #InsureOurFuture #BLKBigProblem https://t.co/GushFsIgnp
1253377260482170880,2020-04-23 17:36:40,ASBCouncil,0,52,#StoptheMoneyPipeline takes over Day 2 for #EarthDayLive!::WATCH LIVE: https://t.co/NXKLtFiFoS::Coming up at 12 PT/ 3 ET Stop the Money Pipeline Townhall  feat: .@RepRashida .@SenMarkey .@SenJeffMerkley ::#ClimateEmergency #InsureOurFuture #BLKBigProblem #BankingonClimateChange https://t.co/ebRXHa0q7K
1253377195847725056,2020-04-23 17:36:24,350SouthBayLA,0,52,#StoptheMoneyPipeline takes over Day 2 for #EarthDayLive!::WATCH LIVE: https://t.co/NXKLtFiFoS::Coming up at 12 PT/ 3 ET Stop the Money Pipeline Townhall  feat: .@RepRashida .@SenMarkey .@SenJeffMerkley ::#ClimateEmergency #InsureOurFuture #BLKBigProblem #BankingonClimateChange https://t.co/ebRXHa0q7K
1253376727402688512,2020-04-23 17:34:33,ConsumerWD,0,65,Join us today for day 2 of #EarthDayLive!::Day 2  produced by Stop the Money Pipeline  is about ending the financing of climate destruction.::Watch live NOW: https://t.co/1Df3H0QL9Y::#StoptheMoneyPipeline #ClimateEmergency #BankingonClimateChange #InsureOurFuture #BLKBigProblem https://t.co/GushFsIgnp
1253376591218040833,2020-04-23 17:34:00,carolyncbarthel,0,6,.@Chase stop financing fossil fuels and climate destruction! #StoptheMoneyPipeline #EarthDayLive ::Take action &amp; #DumpLeeRaymond now: https://t.co/GtiTGMrD8j::#ClimateEmergency #BLKBigProblem #BankingonClimateChange
1253374432128708608,2020-04-23 17:25:25,CoastTec,0,52,#StoptheMoneyPipeline takes over Day 2 for #EarthDayLive!::WATCH LIVE: https://t.co/NXKLtFiFoS::Coming up at 12 PT/ 3 ET Stop the Money Pipeline Townhall  feat: .@RepRashida .@SenMarkey .@SenJeffMerkley ::#ClimateEmergency #InsureOurFuture #BLKBigProblem #BankingonClimateChange https://t.co/ebRXHa0q7K
1253374094982119428,2020-04-23 17:24:05,jackfasc,0,52,#StoptheMoneyPipeline takes over Day 2 for #EarthDayLive!::WATCH LIVE: https://t.co/NXKLtFiFoS::Coming up at 12 PT/ 3 ET Stop the Money Pipeline Townhall  feat: .@RepRashida .@SenMarkey .@SenJeffMerkley ::#ClimateEmergency #InsureOurFuture #BLKBigProblem #BankingonClimateChange https://t.co/ebRXHa0q7K
1253372373358776320,2020-04-23 17:17:14,350NYC,0,52,#StoptheMoneyPipeline takes over Day 2 for #EarthDayLive!::WATCH LIVE: https://t.co/NXKLtFiFoS::Coming up at 12 PT/ 3 ET Stop the Money Pipeline Townhall  feat: .@RepRashida .@SenMarkey .@SenJeffMerkley ::#ClimateEmergency #InsureOurFuture #BLKBigProblem #BankingonClimateChange https://t.co/ebRXHa0q7K
1253371989429039106,2020-04-23 17:15:43,greenpeaceusa,0,52,#StoptheMoneyPipeline takes over Day 2 for #EarthDayLive!::WATCH LIVE: https://t.co/NXKLtFiFoS::Coming up at 12 PT/ 3 ET Stop the Money Pipeline Townhall  feat: .@RepRashida .@SenMarkey .@SenJeffMerkley ::#ClimateEmergency #InsureOurFuture #BLKBigProblem #BankingonClimateChange https://t.co/ebRXHa0q7K
1253370951108100096,2020-04-23 17:11:35,jackfasc,0,65,Join us today for day 2 of #EarthDayLive!::Day 2  produced by Stop the Money Pipeline  is about ending the financing of climate destruction.::Watch live NOW: https://t.co/1Df3H0QL9Y::#StoptheMoneyPipeline #ClimateEmergency #BankingonClimateChange #InsureOurFuture #BLKBigProblem https://t.co/GushFsIgnp
1253370864361443328,2020-04-23 17:11:15,HansenStenled,0,65,Join us today for day 2 of #EarthDayLive!::Day 2  produced by Stop the Money Pipeline  is about ending the financing of climate destruction.::Watch live NOW: https://t.co/1Df3H0QL9Y::#StoptheMoneyPipeline #ClimateEmergency #BankingonClimateChange #InsureOurFuture #BLKBigProblem https://t.co/GushFsIgnp
1253368308314918913,2020-04-23 17:01:05,brookenholman,0,52,#StoptheMoneyPipeline takes over Day 2 for #EarthDayLive!::WATCH LIVE: https://t.co/NXKLtFiFoS::Coming up at 12 PT/ 3 ET Stop the Money Pipeline Townhall  feat: .@RepRashida .@SenMarkey .@SenJeffMerkley ::#ClimateEmergency #InsureOurFuture #BLKBigProblem #BankingonClimateChange https://t.co/ebRXHa0q7K
1253367833096081410,2020-04-23 16:59:12,EdMarkey,0,52,#StoptheMoneyPipeline takes over Day 2 for #EarthDayLive!::WATCH LIVE: https://t.co/NXKLtFiFoS::Coming up at 12 PT/ 3 ET Stop the Money Pipeline Townhall  feat: .@RepRashida .@SenMarkey .@SenJeffMerkley ::#ClimateEmergency #InsureOurFuture #BLKBigProblem #BankingonClimateChange https://t.co/ebRXHa0q7K
1253367533245280260,2020-04-23 16:58:01,PamelaDrew,0,65,Join us today for day 2 of #EarthDayLive!::Day 2  produced by Stop the Money Pipeline  is about ending the financing of climate destruction.::Watch live NOW: https://t.co/1Df3H0QL9Y::#StoptheMoneyPipeline #ClimateEmergency #BankingonClimateChange #InsureOurFuture #BLKBigProblem https://t.co/GushFsIgnp
1253364393313796108,2020-04-23 16:45:32,DivestSPF,0,7,Great new report on the UK banks that are #FundingClimateChaos  powered by data from our #BankingonClimateChange report with @RAN @SierraClub @PriceofOil @ReclaimFinance @IENearth ðŸ”¥ðŸ‘‡ https://t.co/VOkIyg63oJ
1253363363028955139,2020-04-23 16:41:26,Besolutionaries,0,65,Join us today for day 2 of #EarthDayLive!::Day 2  produced by Stop the Money Pipeline  is about ending the financing of climate destruction.::Watch live NOW: https://t.co/1Df3H0QL9Y::#StoptheMoneyPipeline #ClimateEmergency #BankingonClimateChange #InsureOurFuture #BLKBigProblem https://t.co/GushFsIgnp
1253363024078897153,2020-04-23 16:40:05,Steve_Media,0,6,.@Chase stop financing fossil fuels and climate destruction! #StoptheMoneyPipeline #EarthDayLive ::Take action &amp; #DumpLeeRaymond now: https://t.co/GtiTGMrD8j::#ClimateEmergency #BLKBigProblem #BankingonClimateChange
1253359232134443008,2020-04-23 16:25:01,VandanaWhitney,0,52,#StoptheMoneyPipeline takes over Day 2 for #EarthDayLive!::WATCH LIVE: https://t.co/NXKLtFiFoS::Coming up at 12 PT/ 3 ET Stop the Money Pipeline Townhall  feat: .@RepRashida .@SenMarkey .@SenJeffMerkley ::#ClimateEmergency #InsureOurFuture #BLKBigProblem #BankingonClimateChange https://t.co/ebRXHa0q7K
1253358683314106369,2020-04-23 16:22:51,350CT,0,10,WATCH LIVE: Big Banks  the Gwich'in Nation and the Fight to Protect the Arctic  feat .@billmckibben  .@zhaabowekwe of .@GiniwCollective &amp; .@joyem_braun of .@IENearth https://t.co/NXKLtFiFoS::#StoptheMoneyPipeline #ClimateEmergency #Line3 #NoKXL #Keystone #BankingonClimateChange
1253358242178240513,2020-04-23 16:21:05,BLKsBigProblem,0,65,Join us today for day 2 of #EarthDayLive!::Day 2  produced by Stop the Money Pipeline  is about ending the financing of climate destruction.::Watch live NOW: https://t.co/1Df3H0QL9Y::#StoptheMoneyPipeline #ClimateEmergency #BankingonClimateChange #InsureOurFuture #BLKBigProblem https://t.co/GushFsIgnp
1253358100486197250,2020-04-23 16:20:32,dj_diabeatic,0,52,#StoptheMoneyPipeline takes over Day 2 for #EarthDayLive!::WATCH LIVE: https://t.co/NXKLtFiFoS::Coming up at 12 PT/ 3 ET Stop the Money Pipeline Townhall  feat: .@RepRashida .@SenMarkey .@SenJeffMerkley ::#ClimateEmergency #InsureOurFuture #BLKBigProblem #BankingonClimateChange https://t.co/ebRXHa0q7K
1253356622593904646,2020-04-23 16:14:39,lback63,0,6,.@Chase stop financing fossil fuels and climate destruction! #StoptheMoneyPipeline #EarthDayLive ::Take action &amp; #DumpLeeRaymond now: https://t.co/GtiTGMrD8j::#ClimateEmergency #BLKBigProblem #BankingonClimateChange
1253355743731953664,2020-04-23 16:11:10,claire_ullman,0,6,.@Chase stop financing fossil fuels and climate destruction! #StoptheMoneyPipeline #EarthDayLive ::Take action &amp; #DumpLeeRaymond now: https://t.co/GtiTGMrD8j::#ClimateEmergency #BLKBigProblem #BankingonClimateChange
1253354677913227267,2020-04-23 16:06:56,SacCitizenPower,0,52,#StoptheMoneyPipeline takes over Day 2 for #EarthDayLive!::WATCH LIVE: https://t.co/NXKLtFiFoS::Coming up at 12 PT/ 3 ET Stop the Money Pipeline Townhall  feat: .@RepRashida .@SenMarkey .@SenJeffMerkley ::#ClimateEmergency #InsureOurFuture #BLKBigProblem #BankingonClimateChange https://t.co/ebRXHa0q7K
1253354177725632515,2020-04-23 16:04:56,SacCitizenPower,0,65,Join us today for day 2 of #EarthDayLive!::Day 2  produced by Stop the Money Pipeline  is about ending the financing of climate destruction.::Watch live NOW: https://t.co/1Df3H0QL9Y::#StoptheMoneyPipeline #ClimateEmergency #BankingonClimateChange #InsureOurFuture #BLKBigProblem https://t.co/GushFsIgnp
1253353147453640706,2020-04-23 16:00:51,shiralioness,0,65,Join us today for day 2 of #EarthDayLive!::Day 2  produced by Stop the Money Pipeline  is about ending the financing of climate destruction.::Watch live NOW: https://t.co/1Df3H0QL9Y::#StoptheMoneyPipeline #ClimateEmergency #BankingonClimateChange #InsureOurFuture #BLKBigProblem https://t.co/GushFsIgnp
1253352067013513218,2020-04-23 15:56:33,UsaParents,0,6,.@Chase stop financing fossil fuels and climate destruction! #StoptheMoneyPipeline #EarthDayLive ::Take action &amp; #DumpLeeRaymond now: https://t.co/GtiTGMrD8j::#ClimateEmergency #BLKBigProblem #BankingonClimateChange
1253352035107422209,2020-04-23 15:56:25,OurFutureBot,0,6,.@Chase stop financing fossil fuels and climate destruction! #StoptheMoneyPipeline #EarthDayLive ::Take action &amp; #DumpLeeRaymond now: https://t.co/GtiTGMrD8j::#ClimateEmergency #BLKBigProblem #BankingonClimateChange
1253350592292012032,2020-04-23 15:50:41,StopMoneyPipe,9,6,.@Chase stop financing fossil fuels and climate destruction! #StoptheMoneyPipeline #EarthDayLive ::Take action &amp; #DumpLeeRaymond now: https://t.co/GtiTGMrD8j::#ClimateEmergency #BLKBigProblem #BankingonClimateChange
1261402427590275072,2020-05-15 21:05:49,PidlyCarelingus,0,16,BREAKING: Worldâ€™s biggest wealth fund blacklists #tarsands corps Canadian Natural Resources  Cenovus  Suncor and Imperial Oil for carbon emissions::https://t.co/yCJ97tDl3y::#Divest #StoptheMoneyPipeline #BankingonClimateChange #InsureOurFuture #ClimateEmergency #Norway https://t.co/NKFoKdrJZn
1261327522630860802,2020-05-15 16:08:10,amandalfischer,0,9,Cannot recommend this from @BIS_org highly enough for those interested in climate financial risk. US regulators could learn a lot from it. #BankingOnClimateChange https://t.co/Imp1FhNPDQ
1261273227462160385,2020-05-15 12:32:25,chaplinscourage,0,9,Cannot recommend this from @BIS_org highly enough for those interested in climate financial risk. US regulators could learn a lot from it. #BankingOnClimateChange https://t.co/Imp1FhNPDQ
1261272161899200512,2020-05-15 12:28:11,alexisgoldstein,0,9,Cannot recommend this from @BIS_org highly enough for those interested in climate financial risk. US regulators could learn a lot from it. #BankingOnClimateChange https://t.co/Imp1FhNPDQ
1261164027717263360,2020-05-15 05:18:30,LumoinHQ,0,9,Cannot recommend this from @BIS_org highly enough for those interested in climate financial risk. US regulators could learn a lot from it. #BankingOnClimateChange https://t.co/Imp1FhNPDQ
1261141825450119168,2020-05-15 03:50:16,mmhhcox,0,3,Starting now- let's take some action to #DUMPLeeRaymond!::JOIN NOW: https://t.co/ExKSzjiPRZ::#JPMorganChase #NLKsBigProblem #CimateEmergency #ClimateStrikeOnline #BankingonClimateChange #EndFossilFinance #StoptheMoneyPipeline https://t.co/ef8wPYfIuX
1261071916703588354,2020-05-14 23:12:29,thierry_pette,0,20,Breakingâš¡ï¸:Today Friends of the Earth France and @ReclaimFinance  publish a new report showing French banks and investors' massive supports to the shale oil and gas industry since #COP21.:#VosParisNotreAvenir :#BankingOnClimateChange:ðŸ‘‰https://t.co/iIKNpi2ZgG https://t.co/jNXbnDZyUB
1261040778975027207,2020-05-14 21:08:45,kdf830,0,9,Cannot recommend this from @BIS_org highly enough for those interested in climate financial risk. US regulators could learn a lot from it. #BankingOnClimateChange https://t.co/Imp1FhNPDQ
1261040298194612229,2020-05-14 21:06:50,AlanZibel,0,9,Cannot recommend this from @BIS_org highly enough for those interested in climate financial risk. US regulators could learn a lot from it. #BankingOnClimateChange https://t.co/Imp1FhNPDQ
1261039960100126722,2020-05-14 21:05:30,STOmarova,0,9,Cannot recommend this from @BIS_org highly enough for those interested in climate financial risk. US regulators could learn a lot from it. #BankingOnClimateChange https://t.co/Imp1FhNPDQ
1261038772613009414,2020-05-14 21:00:47,JBSDC,0,9,Cannot recommend this from @BIS_org highly enough for those interested in climate financial risk. US regulators could learn a lot from it. #BankingOnClimateChange https://t.co/Imp1FhNPDQ
1261038444534468608,2020-05-14 20:59:28,tyillc,0,9,Cannot recommend this from @BIS_org highly enough for those interested in climate financial risk. US regulators could learn a lot from it. #BankingOnClimateChange https://t.co/Imp1FhNPDQ
1261038154594676737,2020-05-14 20:58:19,steelewheelz,14,9,Cannot recommend this from @BIS_org highly enough for those interested in climate financial risk. US regulators could learn a lot from it. #BankingOnClimateChange https://t.co/Imp1FhNPDQ
1261030573532950542,2020-05-14 20:28:12,ReclaimFinance,0,3,Starting now- let's take some action to #DUMPLeeRaymond!::JOIN NOW: https://t.co/ExKSzjiPRZ::#JPMorganChase #NLKsBigProblem #CimateEmergency #ClimateStrikeOnline #BankingonClimateChange #EndFossilFinance #StoptheMoneyPipeline https://t.co/ef8wPYfIuX
1261024438813786112,2020-05-14 20:03:49,StopMoneyPipe,0,3,Starting now- let's take some action to #DUMPLeeRaymond!::JOIN NOW: https://t.co/ExKSzjiPRZ::#JPMorganChase #NLKsBigProblem #CimateEmergency #ClimateStrikeOnline #BankingonClimateChange #EndFossilFinance #StoptheMoneyPipeline https://t.co/ef8wPYfIuX
1261024229195042816,2020-05-14 20:02:59,BLKsBigProblem,6,3,Starting now- let's take some action to #DUMPLeeRaymond!::JOIN NOW: https://t.co/ExKSzjiPRZ::#JPMorganChase #NLKsBigProblem #CimateEmergency #ClimateStrikeOnline #BankingonClimateChange #EndFossilFinance #StoptheMoneyPipeline https://t.co/ef8wPYfIuX
1260920248183685126,2020-05-14 13:09:48,HiiRobert,0,20,Breakingâš¡ï¸:Today Friends of the Earth France and @ReclaimFinance  publish a new report showing French banks and investors' massive supports to the shale oil and gas industry since #COP21.:#VosParisNotreAvenir :#BankingOnClimateChange:ðŸ‘‰https://t.co/iIKNpi2ZgG https://t.co/jNXbnDZyUB
1260866482684248064,2020-05-14 09:36:09,climatemessages,0,20,Breakingâš¡ï¸:Today Friends of the Earth France and @ReclaimFinance  publish a new report showing French banks and investors' massive supports to the shale oil and gas industry since #COP21.:#VosParisNotreAvenir :#BankingOnClimateChange:ðŸ‘‰https://t.co/iIKNpi2ZgG https://t.co/jNXbnDZyUB
1260865876947013632,2020-05-14 09:33:45,RovanZon,0,20,Breakingâš¡ï¸:Today Friends of the Earth France and @ReclaimFinance  publish a new report showing French banks and investors' massive supports to the shale oil and gas industry since #COP21.:#VosParisNotreAvenir :#BankingOnClimateChange:ðŸ‘‰https://t.co/iIKNpi2ZgG https://t.co/jNXbnDZyUB
1260863297081036800,2020-05-14 09:23:30,foeeurope,0,20,Breakingâš¡ï¸:Today Friends of the Earth France and @ReclaimFinance  publish a new report showing French banks and investors' massive supports to the shale oil and gas industry since #COP21.:#VosParisNotreAvenir :#BankingOnClimateChange:ðŸ‘‰https://t.co/iIKNpi2ZgG https://t.co/jNXbnDZyUB
1260860437404561411,2020-05-14 09:12:08,robin_cadeddu,0,20,Breakingâš¡ï¸:Today Friends of the Earth France and @ReclaimFinance  publish a new report showing French banks and investors' massive supports to the shale oil and gas industry since #COP21.:#VosParisNotreAvenir :#BankingOnClimateChange:ðŸ‘‰https://t.co/iIKNpi2ZgG https://t.co/jNXbnDZyUB
1260859903251550209,2020-05-14 09:10:01,robin_cadeddu,0,1,Today @ReclaimFinance and @amisdelaterre publish a new report showing ðŸ‡«ðŸ‡· banks and investors' massive supports to the shale oil and gas industry since #COP21.::#VosParisNotreAvenir :#BankingOnClimateChange:#ShaleOil::https://t.co/QxhWGaBqYU https://t.co/lyvujaHnLk
1260849645724590080,2020-05-14 08:29:15,GirardonPauline,0,20,Breakingâš¡ï¸:Today Friends of the Earth France and @ReclaimFinance  publish a new report showing French banks and investors' massive supports to the shale oil and gas industry since #COP21.:#VosParisNotreAvenir :#BankingOnClimateChange:ðŸ‘‰https://t.co/iIKNpi2ZgG https://t.co/jNXbnDZyUB
1260845581855064070,2020-05-14 08:13:06,UteKoczy,0,20,Breakingâš¡ï¸:Today Friends of the Earth France and @ReclaimFinance  publish a new report showing French banks and investors' massive supports to the shale oil and gas industry since #COP21.:#VosParisNotreAvenir :#BankingOnClimateChange:ðŸ‘‰https://t.co/iIKNpi2ZgG https://t.co/jNXbnDZyUB
1260840516289257473,2020-05-14 07:52:59,leakulinowski,0,20,Breakingâš¡ï¸:Today Friends of the Earth France and @ReclaimFinance  publish a new report showing French banks and investors' massive supports to the shale oil and gas industry since #COP21.:#VosParisNotreAvenir :#BankingOnClimateChange:ðŸ‘‰https://t.co/iIKNpi2ZgG https://t.co/jNXbnDZyUB
1260837982573035521,2020-05-14 07:42:54,legs_boy,0,20,Breakingâš¡ï¸:Today Friends of the Earth France and @ReclaimFinance  publish a new report showing French banks and investors' massive supports to the shale oil and gas industry since #COP21.:#VosParisNotreAvenir :#BankingOnClimateChange:ðŸ‘‰https://t.co/iIKNpi2ZgG https://t.co/jNXbnDZyUB
1260834504022917120,2020-05-14 07:29:05,GheorghiuAndy,0,20,Breakingâš¡ï¸:Today Friends of the Earth France and @ReclaimFinance  publish a new report showing French banks and investors' massive supports to the shale oil and gas industry since #COP21.:#VosParisNotreAvenir :#BankingOnClimateChange:ðŸ‘‰https://t.co/iIKNpi2ZgG https://t.co/jNXbnDZyUB
1260834424054218757,2020-05-14 07:28:46,urgewald,0,20,Breakingâš¡ï¸:Today Friends of the Earth France and @ReclaimFinance  publish a new report showing French banks and investors' massive supports to the shale oil and gas industry since #COP21.:#VosParisNotreAvenir :#BankingOnClimateChange:ðŸ‘‰https://t.co/iIKNpi2ZgG https://t.co/jNXbnDZyUB
1260700458227826688,2020-05-13 22:36:26,ReclaimFinance,1,1,Today @ReclaimFinance and @amisdelaterre publish a new report showing ðŸ‡«ðŸ‡· banks and investors' massive supports to the shale oil and gas industry since #COP21.::#VosParisNotreAvenir :#BankingOnClimateChange:#ShaleOil::https://t.co/QxhWGaBqYU https://t.co/lyvujaHnLk
1260694587229814787,2020-05-13 22:13:06,metemsis,0,16,BREAKING: Worldâ€™s biggest wealth fund blacklists #tarsands corps Canadian Natural Resources  Cenovus  Suncor and Imperial Oil for carbon emissions::https://t.co/yCJ97tDl3y::#Divest #StoptheMoneyPipeline #BankingonClimateChange #InsureOurFuture #ClimateEmergency #Norway https://t.co/NKFoKdrJZn
1260682817727594498,2020-05-13 21:26:20,Cristob81777882,0,16,BREAKING: Worldâ€™s biggest wealth fund blacklists #tarsands corps Canadian Natural Resources  Cenovus  Suncor and Imperial Oil for carbon emissions::https://t.co/yCJ97tDl3y::#Divest #StoptheMoneyPipeline #BankingonClimateChange #InsureOurFuture #ClimateEmergency #Norway https://t.co/NKFoKdrJZn
1260646532912574465,2020-05-13 19:02:09,ndngenuity,0,16,BREAKING: Worldâ€™s biggest wealth fund blacklists #tarsands corps Canadian Natural Resources  Cenovus  Suncor and Imperial Oil for carbon emissions::https://t.co/yCJ97tDl3y::#Divest #StoptheMoneyPipeline #BankingonClimateChange #InsureOurFuture #ClimateEmergency #Norway https://t.co/NKFoKdrJZn
1260639782583091206,2020-05-13 18:35:20,BankTrack,0,20,Breakingâš¡ï¸:Today Friends of the Earth France and @ReclaimFinance  publish a new report showing French banks and investors' massive supports to the shale oil and gas industry since #COP21.:#VosParisNotreAvenir :#BankingOnClimateChange:ðŸ‘‰https://t.co/iIKNpi2ZgG https://t.co/jNXbnDZyUB
1260638190416822272,2020-05-13 18:29:00,Roxann_Minerals,0,16,BREAKING: Worldâ€™s biggest wealth fund blacklists #tarsands corps Canadian Natural Resources  Cenovus  Suncor and Imperial Oil for carbon emissions::https://t.co/yCJ97tDl3y::#Divest #StoptheMoneyPipeline #BankingonClimateChange #InsureOurFuture #ClimateEmergency #Norway https://t.co/NKFoKdrJZn
1260634894641881088,2020-05-13 18:15:55,douglasemolina,0,20,Breakingâš¡ï¸:Today Friends of the Earth France and @ReclaimFinance  publish a new report showing French banks and investors' massive supports to the shale oil and gas industry since #COP21.:#VosParisNotreAvenir :#BankingOnClimateChange:ðŸ‘‰https://t.co/iIKNpi2ZgG https://t.co/jNXbnDZyUB
1260634052849045504,2020-05-13 18:12:34,ca_350,0,16,BREAKING: Worldâ€™s biggest wealth fund blacklists #tarsands corps Canadian Natural Resources  Cenovus  Suncor and Imperial Oil for carbon emissions::https://t.co/yCJ97tDl3y::#Divest #StoptheMoneyPipeline #BankingonClimateChange #InsureOurFuture #ClimateEmergency #Norway https://t.co/NKFoKdrJZn
1260632343850745856,2020-05-13 18:05:46,CarlosSantiagoL,0,20,Breakingâš¡ï¸:Today Friends of the Earth France and @ReclaimFinance  publish a new report showing French banks and investors' massive supports to the shale oil and gas industry since #COP21.:#VosParisNotreAvenir :#BankingOnClimateChange:ðŸ‘‰https://t.co/iIKNpi2ZgG https://t.co/jNXbnDZyUB
1260629211343130624,2020-05-13 17:53:19,PriceofOil,0,20,Breakingâš¡ï¸:Today Friends of the Earth France and @ReclaimFinance  publish a new report showing French banks and investors' massive supports to the shale oil and gas industry since #COP21.:#VosParisNotreAvenir :#BankingOnClimateChange:ðŸ‘‰https://t.co/iIKNpi2ZgG https://t.co/jNXbnDZyUB
1260626058166046720,2020-05-13 17:40:48,ClotaireCosnard,0,20,Breakingâš¡ï¸:Today Friends of the Earth France and @ReclaimFinance  publish a new report showing French banks and investors' massive supports to the shale oil and gas industry since #COP21.:#VosParisNotreAvenir :#BankingOnClimateChange:ðŸ‘‰https://t.co/iIKNpi2ZgG https://t.co/jNXbnDZyUB
1260623214750949377,2020-05-13 17:29:30,Mostly_Delores,0,16,BREAKING: Worldâ€™s biggest wealth fund blacklists #tarsands corps Canadian Natural Resources  Cenovus  Suncor and Imperial Oil for carbon emissions::https://t.co/yCJ97tDl3y::#Divest #StoptheMoneyPipeline #BankingonClimateChange #InsureOurFuture #ClimateEmergency #Norway https://t.co/NKFoKdrJZn
1260623065681203200,2020-05-13 17:28:54,geoyapti,0,16,BREAKING: Worldâ€™s biggest wealth fund blacklists #tarsands corps Canadian Natural Resources  Cenovus  Suncor and Imperial Oil for carbon emissions::https://t.co/yCJ97tDl3y::#Divest #StoptheMoneyPipeline #BankingonClimateChange #InsureOurFuture #ClimateEmergency #Norway https://t.co/NKFoKdrJZn
1260622241093439488,2020-05-13 17:25:38,jasondisterhoft,0,16,BREAKING: Worldâ€™s biggest wealth fund blacklists #tarsands corps Canadian Natural Resources  Cenovus  Suncor and Imperial Oil for carbon emissions::https://t.co/yCJ97tDl3y::#Divest #StoptheMoneyPipeline #BankingonClimateChange #InsureOurFuture #ClimateEmergency #Norway https://t.co/NKFoKdrJZn
1260621407014268928,2020-05-13 17:22:19,HiphopTC,0,16,BREAKING: Worldâ€™s biggest wealth fund blacklists #tarsands corps Canadian Natural Resources  Cenovus  Suncor and Imperial Oil for carbon emissions::https://t.co/yCJ97tDl3y::#Divest #StoptheMoneyPipeline #BankingonClimateChange #InsureOurFuture #ClimateEmergency #Norway https://t.co/NKFoKdrJZn
1260621335820189698,2020-05-13 17:22:02,RevYearwood,0,16,BREAKING: Worldâ€™s biggest wealth fund blacklists #tarsands corps Canadian Natural Resources  Cenovus  Suncor and Imperial Oil for carbon emissions::https://t.co/yCJ97tDl3y::#Divest #StoptheMoneyPipeline #BankingonClimateChange #InsureOurFuture #ClimateEmergency #Norway https://t.co/NKFoKdrJZn
1260620640668835841,2020-05-13 17:19:16,mmhhcox,0,16,BREAKING: Worldâ€™s biggest wealth fund blacklists #tarsands corps Canadian Natural Resources  Cenovus  Suncor and Imperial Oil for carbon emissions::https://t.co/yCJ97tDl3y::#Divest #StoptheMoneyPipeline #BankingonClimateChange #InsureOurFuture #ClimateEmergency #Norway https://t.co/NKFoKdrJZn
1260619870976258048,2020-05-13 17:16:13,collinrees,0,16,BREAKING: Worldâ€™s biggest wealth fund blacklists #tarsands corps Canadian Natural Resources  Cenovus  Suncor and Imperial Oil for carbon emissions::https://t.co/yCJ97tDl3y::#Divest #StoptheMoneyPipeline #BankingonClimateChange #InsureOurFuture #ClimateEmergency #Norway https://t.co/NKFoKdrJZn
1260615974996320256,2020-05-13 17:00:44,OurFutureBot,0,16,BREAKING: Worldâ€™s biggest wealth fund blacklists #tarsands corps Canadian Natural Resources  Cenovus  Suncor and Imperial Oil for carbon emissions::https://t.co/yCJ97tDl3y::#Divest #StoptheMoneyPipeline #BankingonClimateChange #InsureOurFuture #ClimateEmergency #Norway https://t.co/NKFoKdrJZn
1260615341928968194,2020-05-13 16:58:13,BillUminski,0,16,BREAKING: Worldâ€™s biggest wealth fund blacklists #tarsands corps Canadian Natural Resources  Cenovus  Suncor and Imperial Oil for carbon emissions::https://t.co/yCJ97tDl3y::#Divest #StoptheMoneyPipeline #BankingonClimateChange #InsureOurFuture #ClimateEmergency #Norway https://t.co/NKFoKdrJZn
1260614581984153603,2020-05-13 16:55:12,SculllyD,0,16,BREAKING: Worldâ€™s biggest wealth fund blacklists #tarsands corps Canadian Natural Resources  Cenovus  Suncor and Imperial Oil for carbon emissions::https://t.co/yCJ97tDl3y::#Divest #StoptheMoneyPipeline #BankingonClimateChange #InsureOurFuture #ClimateEmergency #Norway https://t.co/NKFoKdrJZn
1260612611193712640,2020-05-13 16:47:22,StopMoneyPipe,23,16,BREAKING: Worldâ€™s biggest wealth fund blacklists #tarsands corps Canadian Natural Resources  Cenovus  Suncor and Imperial Oil for carbon emissions::https://t.co/yCJ97tDl3y::#Divest #StoptheMoneyPipeline #BankingonClimateChange #InsureOurFuture #ClimateEmergency #Norway https://t.co/NKFoKdrJZn
1260602278614052869,2020-05-13 16:06:18,CalvAmb,0,20,Breakingâš¡ï¸:Today Friends of the Earth France and @ReclaimFinance  publish a new report showing French banks and investors' massive supports to the shale oil and gas industry since #COP21.:#VosParisNotreAvenir :#BankingOnClimateChange:ðŸ‘‰https://t.co/iIKNpi2ZgG https://t.co/jNXbnDZyUB
1260599284359192578,2020-05-13 15:54:24,FoEint,0,20,Breakingâš¡ï¸:Today Friends of the Earth France and @ReclaimFinance  publish a new report showing French banks and investors' massive supports to the shale oil and gas industry since #COP21.:#VosParisNotreAvenir :#BankingOnClimateChange:ðŸ‘‰https://t.co/iIKNpi2ZgG https://t.co/jNXbnDZyUB
1260596276007231490,2020-05-13 15:42:27,soleiune,0,20,Breakingâš¡ï¸:Today Friends of the Earth France and @ReclaimFinance  publish a new report showing French banks and investors' massive supports to the shale oil and gas industry since #COP21.:#VosParisNotreAvenir :#BankingOnClimateChange:ðŸ‘‰https://t.co/iIKNpi2ZgG https://t.co/jNXbnDZyUB
1260595707184103425,2020-05-13 15:40:11,amisdelaterre,30,20,Breakingâš¡ï¸:Today Friends of the Earth France and @ReclaimFinance  publish a new report showing French banks and investors' massive supports to the shale oil and gas industry since #COP21.:#VosParisNotreAvenir :#BankingOnClimateChange:ðŸ‘‰https://t.co/iIKNpi2ZgG https://t.co/jNXbnDZyUB
1260517093772070912,2020-05-13 10:27:49,hs_unlimited,0,4,Today is the virtual AGM of @CreditAgricole. Although the bank has one of the strongest coal policies so far  with $46 bn of fossil financing since the #ParisAgreement  the bank keeps profiting off the destruction caused by oil and gas companies. #BankingOnClimateChange
1260496760734171140,2020-05-13 09:07:01,ReclaimFinance,0,0,@ResearchPool Today is the virtual AGM of @CreditAgricole. ::Although the bank has one of the strongest #coal policies so far  with $46 billions of #fossilfuels financing since the #ParisAgreement  it keeps profiting off the destruction caused by oil and gas companies. #BankingOnClimateChange
1260496338556461056,2020-05-13 09:05:20,ReclaimFinance,0,4,Today is the virtual AGM of @CreditAgricole. Although the bank has one of the strongest coal policies so far  with $46 bn of fossil financing since the #ParisAgreement  the bank keeps profiting off the destruction caused by oil and gas companies. #BankingOnClimateChange
1260494698243858434,2020-05-13 08:58:49,thomscotch,0,4,Today is the virtual AGM of @CreditAgricole. Although the bank has one of the strongest coal policies so far  with $46 bn of fossil financing since the #ParisAgreement  the bank keeps profiting off the destruction caused by oil and gas companies. #BankingOnClimateChange
1260492869187624960,2020-05-13 08:51:33,BankTrack,0,4,Today is the virtual AGM of @CreditAgricole. Although the bank has one of the strongest coal policies so far  with $46 bn of fossil financing since the #ParisAgreement  the bank keeps profiting off the destruction caused by oil and gas companies. #BankingOnClimateChange
1260480737268109312,2020-05-13 08:03:21,NoFossilBanks,6,4,Today is the virtual AGM of @CreditAgricole. Although the bank has one of the strongest coal policies so far  with $46 bn of fossil financing since the #ParisAgreement  the bank keeps profiting off the destruction caused by oil and gas companies. #BankingOnClimateChange
1259860900175056898,2020-05-11 15:00:20,ReclaimFinance,0,76,NEW: The latest annual #BankingOnClimateChange report is out.::It shows banks have failed to address the climate crisis  pouring *$2.7 TRILLION* into fossil fuels since the Paris Agreement  with financing going up each year.::Learn more &amp; see the data ðŸ‘‰ https://t.co/DkhKJcO5nw https://t.co/xpuvSs24Fz
